imagename,cid
1.140,QmYswPgN6FAXzb8S5Q43aovnKaiR3n4DPMqNZruZRbeWbq
1.280,QmPZaV6SRpThHDiN337q7E8qkXedgBacSeH2qjpdKCUxZx
1.310,QmRQuLUKZy4n9RCSJkfXLap5i3ipwX4mnHtgNk4GjNios3
1.max,QmUf15j5qPCoikBB6usPLrCSegze4dWDciRnmvwjYxirob
1,QmPdEScDCLgqeLRgZXNfbcXNGCPnhumRHmgb2Q4j11UJsX
2.140,QmUYenf67MMgth3s2AupKRU3gSDdaPcPB7AEnE7TrtNd6o
2.280,QmZHS43LuEE8ycEg5HfRL2jaJ9DC2L1n3s6CeGaKWKav8N
2.310,QmbsGFxKsaxqsYCio86sTyHUfoqnTFkNsuJHd4YWNVbKmL
2.max,QmTrVbQdFvd3y5pSPNuJqx4iQZVi7w9Hpoo5Sms7DunhmH
2,QmNdWHh2icW3TRXyh5Mw5T6wp7Wr8mTz6xbL9LUpNhK96N
3.140,QmRFjKz4yiBhV22wfEEoR1ou9URUkL98zgnPv9v3C3jTpa
3.280,QmVwPFeHWbTWhYUf6Gs4m1EQDM5g1YfYzhHebCPiQjhsvs
3.310,QmSiExJ9ghpJQcgG2ZkeSjrNkUgAWcTvffovEUzE17T61K
3.max,QmQURjP7cxNZBH2F7TYhmXXMBpAuwsJpUwHnF8bh1dTNZs
3,QmTADGwBZJzXg5L3mav45ZYeGRRdLBcfYijjVsTNibDHio
4.140,QmUwfcRerKGRsihxXQmzT6k2Jctq55go6vgUkwBmnFhDPA
4.280,QmZQ6Z9gbpGwR56KTLr2DbzZK7pn4nW1j3c92Ut5ixssFX
4.310,QmYCP769btpgh1JKnCwFb2SrFqUBTEYFdKoBD4xeQ4iEvd
4.max,QmNRxs2ZaLoBhjmXJRPX47ELm1R5WpVmo8VnPMu4MSKgH5
4,QmWeciqFc3BYRGVYXmKeBNqrd77FK67t4m5B2vRFpKmZhw
5.140,QmdjoTn8fZc7VrVxCghicoNZ4Bp3eqkZ5fyoGXHQ8Gt7NQ
5.280,QmedcTYXPX11AbthFT2cvQd3fjEUXAtztpvznMr35RZ6qR
5.310,QmQ9SYYJWTZnCYPWGvk5QznPXRmYaqCoQ1ktA3MP4SJ7xz
5.max,QmNo2pUEhUfNKKvSnCCvhyz9QprGUCE2B7VbFGDzsq6xTq
5,QmcSB2chTuPEoEKKUBFomQY771RaYd9nR5qjrjNTCsGzvM
6.140,QmTbVUubdiRUfiMhFoDYTUKbUYPtiGgx5TByAPWhf4xvsT
6.280,QmQvtgTwSP41MywEtoeCKUFESx1H9jsHu9ajYJ8dZmZgxK
6.310,QmWgnWhkSwMNQA9EPdyefaUiNvUMVMrQ75ScXUEaoWEuse
6.max,QmcAB6jVCKjYResAbt2vLkWLqi5BCKz5K5DhtN78GKgPss
6,QmRRKVCYTSCrG3Txtf2LT7uLzaLRxVgvTJTYxUp8qYXTV7
7.140,QmUMs57wqKU1Rny6kZ4nZ8xv92cpmEucqE3uPeK7o95G5g
7.280,QmPm4iHhx8MD34fti3cmATKUJm8QPiL33dhWxMkPfkbT4H
7.310,QmSR22A2jpVYUbS2Nf3ze2ToDM1Y5cw2bQuhQMFcwS6GxU
7.max,Qmd7pg16DzV3tvoWv4qYDaiheLnycmvoG7F3jKMDz8bz3c
7,Qmbq9W4tAn8cKgeoCw5DLiLrtpsG1rZeF9PSDyjqBY2iya
8.140,QmeHv3RSyyFJ4s4L2LbathZo1AgRzSL8s2syijbsPTycFL
8.280,QmeecvLxjB59G3MnhhXwSaK9XrXLEk6E74ZWCCW2qAixxt
8.310,Qmc2t3985UwovaXpATRkJX5FPUdrCW3knWJHB7eivNTre7
8.max,QmXeDxmriqgzm9wcbXWMkge6MH8PHdL1n8gPqmHw4vCkMz
8,QmPKsC3jyyKgJiuiDgmBTseTKktezTn8kWTPmp8QbeoKEQ

